Wilhelm Conrad,Röntgen,DE,DE,male,1901,physics,1,Munich University,Munich,Germany,Mar,78,56
Hendrik A.,Lorentz,NL,NL,male,1902,physics,2,Leiden University,Leiden,the Netherlands,Jul,75,49
Pieter,Zeeman,NL,NL,male,1902,physics,2,Amsterdam University,Amsterdam,the Netherlands,May,78,37
Henri,Becquerel,FR,FR,male,1903,physics,2,École Polytechnique,Paris,France,Dec,56,51
Pierre,Curie,FR,FR,male,1903,physics,4,École municipale de physique et de chimie industrielles (Municipal School of Industrial Physics and Chemistry),Paris,France,May,47,44
Marie,Curie,PL,FR,female,1911,chemistry,1,Sorbonne University,Paris,France,Nov,67,44
Lord,Rayleigh,GB,GB,male,1904,physics,1,Royal Institution of Great Britain,London,United Kingdom,Nov,77,62
Philipp,Lenard,SK,DE,male,1905,physics,1,Kiel University,Kiel,Germany,Jun,85,43
J.J.,Thomson,GB,GB,male,1906,physics,1,University of Cambridge,Cambridge,United Kingdom,Dec,84,50
Albert A.,Michelson,PL,US,male,1907,physics,1,University of Chicago,Chicago IL,USA,Dec,79,55
Guglielmo,Marconi,IT,IT,male,1909,physics,2,Marconi Wireless Telegraph Co. Ltd.,London,United Kingdom,Apr,63,35
Ferdinand,Braun,DE,US,male,1909,physics,2,Strasbourg University,Strasbourg,Germany (now France),Jun,68,59
Johannes Diderik,van der Waals,NL,NL,male,1910,physics,1,Amsterdam University,Amsterdam,the Netherlands,Nov,86,73
Wilhelm,Wien,RU,DE,male,1911,physics,1,Würzburg University,Würzburg,Germany,Jan,64,47
Gustaf,Dalén,SE,SE,male,1912,physics,1,Swedish Gas-Accumulator Co.,Lidingö Stockholm,Sweden,Nov,68,43
Heike,Kamerlingh Onnes,NL,NL,male,1913,physics,1,Leiden University,Leiden,the Netherlands,Sep,73,60
Max,von Laue,DE,DE,male,1914,physics,1,Frankfurt-on-the-Main University,Frankfurt-on-the-Main,Germany,Oct,81,35
William,Bragg,GB,GB,male,1915,physics,2,University College,London,United Kingdom,Jul,80,53
Lawrence,Bragg,AU,GB,male,1915,physics,2,Victoria University,Manchester,United Kingdom,Mar,81,25
Charles Glover,Barkla,GB,GB,male,1917,physics,1,Edinburgh University,Edinburgh,United Kingdom,Jun,67,40
Max,Planck,DE,DE,male,1918,physics,1,Berlin University,Berlin,Germany,Apr,89,60
Johannes,Stark,DE,DE,male,1919,physics,1,Greifswald University,Greifswald,Germany,Apr,83,45
Charles Edouard,Guillaume,CH,FR,male,1920,physics,1,Bureau International des Poids et Mesures (International Bureau of Weights and Measures),Sèvres,France,Feb,77,59
Albert,Einstein,DE,US,male,1921,physics,1,Kaiser-Wilhelm-Institut (now Max-Planck-Institut) für Physik,Berlin,Germany,Mar,76,42
Niels,Bohr,DK,DK,male,1922,physics,1,Copenhagen University,Copenhagen,Denmark,Oct,77,37
Robert A.,Millikan,US,US,male,1923,physics,1,California Institute of Technology (Caltech),Pasadena CA,USA,Mar,85,55
Manne,Siegbahn,SE,SE,male,1924,physics,1,Uppsala University,Uppsala,Sweden,Dec,92,38
James,Franck,DE,DE,male,1925,physics,2,Goettingen University,Göttingen,Germany,Aug,82,43
Gustav,Hertz,DE,DE,male,1925,physics,2,Halle University,Halle,Germany,Jul,88,38
Jean Baptiste,Perrin,FR,US,male,1926,physics,1,Sorbonne University,Paris,France,Sep,72,56
Arthur H.,Compton,US,US,male,1927,physics,2,University of Chicago,Chicago IL,USA,Sep,70,35
C.T.R.,Wilson,GB,GB,male,1927,physics,2,University of Cambridge,Cambridge,United Kingdom,Feb,90,58
Owen Willans,Richardson,GB,GB,male,1928,physics,1,London University,London,United Kingdom,Apr,80,49
Louis,de Broglie,FR,FR,male,1929,physics,1,Sorbonne University Institut Henri Poincaré,Paris,France,Aug,95,37
Sir Chandrasekhara Venkata,Raman,IN,IN,male,1930,physics,1,Calcutta University,Calcutta,India,Nov,82,42
Werner,Heisenberg,DE,DE,male,1932,physics,1,Leipzig University,Leipzig,Germany,Dec,75,31
Erwin,Schrödinger,AT,AT,male,1933,physics,2,Berlin University,Berlin,Germany,Aug,74,46
Paul A.M.,Dirac,GB,US,male,1933,physics,2,University of Cambridge,Cambridge,United Kingdom,Aug,82,31
James,Chadwick,GB,GB,male,1935,physics,1,Liverpool University,Liverpool,United Kingdom,Oct,83,44
Victor F.,Hess,AT,US,male,1936,physics,2,Innsbruck University,Innsbruck,Austria,Jun,81,53
Carl D.,Anderson,US,US,male,1936,physics,2,California Institute of Technology (Caltech),Pasadena CA,USA,Sep,86,31
Clinton,Davisson,US,US,male,1937,physics,2,Bell Telephone Laboratories,New York NY,USA,Oct,77,56
George Paget,Thomson,GB,GB,male,1937,physics,2,London University,London,United Kingdom,May,83,45
Enrico,Fermi,IT,US,male,1938,physics,1,Rome University,Rome,Italy,Sep,53,37
Ernest,Lawrence,US,US,male,1939,physics,1,University of California,Berkeley CA,USA,Aug,57,38
Otto,Stern,PL,US,male,1943,physics,1,Carnegie Institute of Technology,Pittsburgh PA,USA,Feb,81,55
Isidor Isaac,Rabi,PL,US,male,1944,physics,1,Columbia University,New York NY,USA,Jul,90,46
Wolfgang,Pauli,AT,CH,male,1945,physics,1,Princeton University,Princeton NJ,USA,Apr,58,45
Percy W.,Bridgman,US,US,male,1946,physics,1,Harvard University,Cambridge MA,USA,Apr,79,64
Edward V.,Appleton,GB,GB,male,1947,physics,1,Department of Scientific and Industrial Research,London,United Kingdom,Sep,73,55
Patrick M.S.,Blackett,GB,GB,male,1948,physics,1,Victoria University,Manchester,United Kingdom,Nov,77,51
Hideki,Yukawa,JP,JP,male,1949,physics,1,Kyoto Imperial University,Kyoto,Japan,Jan,74,42
Cecil,Powell,GB,IT,male,1950,physics,1,Bristol University,Bristol,United Kingdom,Dec,66,47
John,Cockcroft,GB,GB,male,1951,physics,2,Atomic Energy Research Establishment,Harwell Berkshire,United Kingdom,May,70,54
Ernest T.S.,Walton,IE,GB,male,1951,physics,2,Trinity College,Dublin,Ireland,Oct,92,48
Felix,Bloch,CH,CH,male,1952,physics,2,Stanford University,Stanford CA,USA,Oct,78,47
E. M.,Purcell,US,US,male,1952,physics,2,Harvard University,Cambridge MA,USA,Aug,85,40
Frits,Zernike,NL,NL,male,1953,physics,1,Groningen University,Groningen,the Netherlands,Jul,78,65
Max,Born,PL,DE,male,1954,physics,2,Edinburgh University,Edinburgh,United Kingdom,Dec,88,72
Walther,Bothe,DE,DE,male,1954,physics,2,University of Heidelberg,Heidelberg,Germany,Jan,66,63
Willis E.,Lamb,US,US,male,1955,physics,2,Stanford University,Stanford CA,USA,Jul,95,42
Polykarp,Kusch,DE,US,male,1955,physics,2,Columbia University,New York NY,USA,Jan,82,44
William B.,Shockley,GB,US,male,1956,physics,3,Semiconductor Laboratory of Beckman Instruments Inc.,Mountain View CA,USA,Feb,79,46
John,Bardeen,US,US,male,1956,physics,3,University of Illinois,Urbana IL,USA,May,83,48
John,Bardeen,US,US,male,1972,physics,3,University of Illinois,Urbana IL,USA,May,83,64
Walter H.,Brattain,CN,US,male,1956,physics,3,Bell Telephone Laboratories,Murray Hill NJ,USA,Feb,85,54
Pavel A.,Cherenkov,RU,RU,male,1958,physics,3,P.N. Lebedev Physical Institute,Moscow,USSR (now Russia),Jul,86,54
Igor Y.,Tamm,RU,RU,male,1958,physics,3,Lomonosov Moscow State University,Moscow,USSR (now Russia),Jul,76,63
Emilio,Segrè,IT,US,male,1959,physics,2,University of California,Berkeley CA,USA,Feb,84,54
Owen,Chamberlain,US,US,male,1959,physics,2,University of California,Berkeley CA,USA,Jul,86,39
Donald A.,Glaser,US,US,male,1960,physics,1,University of California,Berkeley CA,USA,Sep,87,34
Robert,Hofstadter,US,US,male,1961,physics,2,Stanford University,Stanford CA,USA,Feb,75,46
Lev,Landau,AZ,RU,male,1962,physics,1,Academy of Sciences,Moscow,USSR (now Russia),Jan,60,54
Eugene,Wigner,HU,US,male,1963,physics,2,Princeton University,Princeton NJ,USA,Nov,93,61
Maria,Goeppert Mayer,PL,US,female,1963,physics,4,University of California,San Diego CA,USA,Jun,66,57
J. Hans D.,Jensen,DE,DE,male,1963,physics,4,University of Heidelberg,Heidelberg,Germany,Jun,66,56
Charles H.,Townes,US,US,male,1964,physics,2,Massachusetts Institute of Technology (MIT),Cambridge MA,USA,Jul,100,49
Nicolay G.,Basov,RU,RU,male,1964,physics,4,P.N. Lebedev Physical Institute,Moscow,USSR (now Russia),Dec,79,42
Aleksandr M.,Prokhorov,AU,RU,male,1964,physics,4,P.N. Lebedev Physical Institute,Moscow,USSR (now Russia),Jul,86,48
Sin-Itiro,Tomonaga,JP,JP,male,1965,physics,3,Tokyo University of Education,Tokyo,Japan,Mar,73,59
Julian,Schwinger,US,US,male,1965,physics,3,Harvard University,Cambridge MA,USA,Feb,76,47
Richard P.,Feynman,US,US,male,1965,physics,3,California Institute of Technology (Caltech),Pasadena CA,USA,May,70,47
Alfred,Kastler,FR,FR,male,1966,physics,1,École Normale Supérieure,Paris,France,May,82,64
Hans,Bethe,FR,US,male,1967,physics,1,Cornell University,Ithaca NY,USA,Jul,99,61
Luis,Alvarez,US,US,male,1968,physics,1,University of California,Berkeley CA,USA,Jun,77,57
Murray,Gell-Mann,US,US,male,1969,physics,1,California Institute of Technology (Caltech),Pasadena CA,USA,Sep,90,40
Hannes,Alfvén,SE,SE,male,1970,physics,2,Royal Institute of Technology,Stockholm,Sweden,May,87,62
Louis,Néel,FR,FR,male,1970,physics,2,University of Grenoble,Grenoble,France,Nov,96,66
Dennis,Gabor,HU,GB,male,1971,physics,1,Imperial College,London,United Kingdom,Jun,79,71
Robert,Schrieffer,US,US,male,1972,physics,3,University of Pennsylvania,Philadelphia PA,USA,May,88,41
Martin,Ryle,GB,GB,male,1974,physics,2,University of Cambridge,Cambridge,United Kingdom,Sep,66,56
Aage N.,Bohr,DK,DK,male,1975,physics,3,Niels Bohr Institute,Copenhagen,Denmark,Jun,87,53
James,Rainwater,US,US,male,1975,physics,3,Columbia University,New York NY,USA,Dec,69,58
Burton,Richter,US,US,male,1976,physics,2,Stanford Linear Accelerator Center,Stanford CA,USA,Mar,87,45
Philip W.,Anderson,US,US,male,1977,physics,3,Bell Telephone Laboratories,Murray Hill NJ,USA,Dec,97,54
Sir Nevill F.,Mott,GB,GB,male,1977,physics,3,University of Cambridge,Cambridge,United Kingdom,Sep,91,72
John H.,van Vleck,US,US,male,1977,physics,3,Harvard University,Cambridge MA,USA,Mar,81,78
Pyotr,Kapitsa,RU,RU,male,1978,physics,2,Academy of Sciences,Moscow,USSR (now Russia),Jul,90,84
Abdus,Salam,PK,GB,male,1979,physics,3,International Centre for Theoretical Physics,Trieste,Italy,Jan,70,53
James,Cronin,US,US,male,1980,physics,2,University of Chicago,Chicago IL,USA,Sep,85,49
Val,Fitch,US,US,male,1980,physics,2,Princeton University,Princeton NJ,USA,Mar,92,57
Nicolaas,Bloembergen,NL,US,male,1981,physics,4,Harvard University,Cambridge MA,USA,Mar,97,61
Arthur L.,Schawlow,US,US,male,1981,physics,4,Stanford University,Stanford CA,USA,May,78,60
Kai M.,Siegbahn,SE,SE,male,1981,physics,2,Uppsala University,Uppsala,Sweden,Apr,89,63
Kenneth G.,Wilson,US,US,male,1982,physics,1,Cornell University,Ithaca NY,USA,Jun,77,46
Subramanyan,Chandrasekhar,PK,US,male,1983,physics,2,University of Chicago,Chicago IL,USA,Oct,85,73
William A.,Fowler,US,US,male,1983,physics,2,California Institute of Technology (Caltech),Pasadena CA,USA,Aug,84,72
Simon,van der Meer,NL,CH,male,1984,physics,2,CERN,Geneva,Switzerland,Nov,86,59
Ernst,Ruska,DE,DE,male,1986,physics,2,Fritz-Haber-Institut der Max-Planck-Gesellschaft,Berlin,Germany,Dec,82,80
Heinrich,Rohrer,CH,CH,male,1986,physics,4,IBM Zurich Research Laboratory,Rüschlikon,Switzerland,Jun,80,53
Leon M.,Lederman,US,US,male,1988,physics,3,Fermi National Accelerator Laboratory,Batavia IL,USA,Jul,96,66
Melvin,Schwartz,US,US,male,1988,physics,3,Digital Pathways Inc.,Mountain View CA,USA,Nov,74,56
Norman F.,Ramsey,US,US,male,1989,physics,2,Harvard University,Cambridge MA,USA,Aug,96,74
Hans G.,Dehmelt,DE,US,male,1989,physics,4,University of Washington,Seattle WA,USA,Sep,95,67
Wolfgang,Paul,DE,DE,male,1989,physics,4,University of Bonn,Bonn,Germany,Aug,80,76
Henry W.,Kendall,US,US,male,1990,physics,3,Massachusetts Institute of Technology (MIT),Cambridge MA,USA,Dec,73,64
Richard E.,Taylor,CA,US,male,1990,physics,3,Stanford University,Stanford CA,USA,Nov,89,61
Pierre-Gilles,de Gennes,FR,FR,male,1991,physics,1,Collège de France,Paris,France,Oct,75,59
Georges,Charpak,PL,FR,male,1992,physics,1,École Supérieure de Physique et Chimie,Paris,France,Aug,86,68
Bertram N.,Brockhouse,CA,CA,male,1994,physics,2,McMaster University,Hamilton Ontario,Canada,Jul,85,76
Clifford G.,Shull,US,US,male,1994,physics,2,Massachusetts Institute of Technology (MIT),Cambridge MA,USA,Sep,86,79
Martin L.,Perl,US,US,male,1995,physics,2,Stanford University,Stanford CA,USA,Jun,87,68
Frederick,Reines,US,US,male,1995,physics,2,University of California,Irvine CA,USA,Mar,80,77
Robert C.,Richardson,US,US,male,1996,physics,3,Cornell University,Ithaca NY,USA,Jun,76,59
Jacobus H.,van 't Hoff,NL,DE,male,1901,chemistry,1,Berlin University,Berlin,Germany,Aug,59,49
Emil,Fischer,DE,DE,male,1902,chemistry,1,Berlin University,Berlin,Germany,Oct,67,50
Svante,Arrhenius,SE,SE,male,1903,chemistry,1,Stockholm University,Stockholm,Sweden,Feb,68,44
Sir William,Ramsay,GB,GB,male,1904,chemistry,1,University College,London,United Kingdom,Oct,64,52
Adolf,von Baeyer,DE,DE,male,1905,chemistry,1,Munich University,Munich,Germany,Oct,82,70
Henri,Moissan,FR,FR,male,1906,chemistry,1,Sorbonne University,Paris,France,Sep,55,54
Eduard,Buchner,DE,RO,male,1907,chemistry,1,Landwirtschaftliche Hochschule (Agricultural College),Berlin,Germany,May,57,47
Ernest,Rutherford,NZ,GB,male,1908,chemistry,1,Victoria University,Manchester,United Kingdom,Aug,66,37
Wilhelm,Ostwald,LV,DE,male,1909,chemistry,1,Leipzig University,Leipzig,Germany,Sep,79,56
Otto,Wallach,RU,DE,male,1910,chemistry,1,Goettingen University,Göttingen,Germany,Mar,84,63
Victor,Grignard,FR,FR,male,1912,chemistry,2,Nancy University,Nancy,France,May,64,41
Paul,Sabatier,FR,FR,male,1912,chemistry,2,Toulouse University,Toulouse,France,Nov,87,58
Alfred,Werner,FR,CH,male,1913,chemistry,1,University of Zurich,Zurich,Switzerland,Dec,53,47
Theodore W.,Richards,US,US,male,1914,chemistry,1,Harvard University,Cambridge MA,USA,Jan,60,46
Richard,Willstätter,DE,CH,male,1915,chemistry,1,Munich University,Munich,Germany,Aug,70,43
Fritz,Haber,PL,CH,male,1918,chemistry,1,Kaiser-Wilhelm-Institut (now Fritz-Haber-Institut) für physikalische Chemie und Electrochemie,Berlin-Dahlem,Germany,Dec,66,50
Walther,Nernst,DE,DE,male,1920,chemistry,1,Berlin University,Berlin,Germany,Jun,77,56
Frederick,Soddy,GB,GB,male,1921,chemistry,1,University of Oxford,Oxford,United Kingdom,Sep,79,44
Francis W.,Aston,GB,GB,male,1922,chemistry,1,University of Cambridge,Cambridge,United Kingdom,Sep,68,45
Fritz,Pregl,SI,AT,male,1923,chemistry,1,Graz University,Graz,Austria,Sep,61,54
Richard,Zsigmondy,AT,DE,male,1925,chemistry,1,Goettingen University,Göttingen,Germany,Apr,64,60
The,Svedberg,SE,SE,male,1926,chemistry,1,Uppsala University,Uppsala,Sweden,Aug,87,42
Heinrich,Wieland,DE,DE,male,1927,chemistry,1,Munich University,Munich,Germany,Jun,80,50
Adolf,Windaus,DE,DE,male,1928,chemistry,1,Goettingen University,Göttingen,Germany,Dec,83,52
Arthur,Harden,GB,GB,male,1929,chemistry,2,London University,London,United Kingdom,Oct,75,64
Hans,von Euler-Chelpin,DE,SE,male,1929,chemistry,2,Stockholm University,Stockholm,Sweden,Feb,91,56
Hans,Fischer,DE,DE,male,1930,chemistry,1,Technische Hochschule (Institute of Technology),Munich,Germany,Jul,64,49
Carl,Bosch,DE,DE,male,1931,chemistry,2,University of Heidelberg,Heidelberg,Germany,Aug,66,57
Friedrich,Bergius,PL,AR,male,1931,chemistry,2,University of Heidelberg,Heidelberg,Germany,Oct,65,47
Irving,Langmuir,US,US,male,1932,chemistry,1,General Electric Company,Schenectady NY,USA,Jan,76,51
Harold C.,Urey,US,US,male,1934,chemistry,1,Columbia University,New York NY,USA,Apr,88,41
Frédéric,Joliot,FR,FR,male,1935,chemistry,2,Institut du Radium,Paris,France,Mar,58,35
Irène,Joliot-Curie,FR,FR,female,1935,chemistry,2,Institut du Radium,Paris,France,Sep,59,38
Peter,Debye,NL,US,male,1936,chemistry,1,Berlin University,Berlin,Germany,Mar,82,52
Norman,Haworth,GB,GB,male,1937,chemistry,2,Birmingham University,Birmingham,United Kingdom,Mar,67,54
Paul,Karrer,RU,CH,male,1937,chemistry,2,University of Zurich,Zurich,Switzerland,Apr,82,48
Richard,Kuhn,AT,DE,male,1938,chemistry,1,Kaiser-Wilhelm-Institut (now Max-Planck Institut) für Medizinische Forschung,Heidelberg,Germany,Dec,67,38
Adolf,Butenandt,DE,DE,male,1939,chemistry,2,Kaiser-Wilhelm-Institut (now Max-Planck-Institut) für Biochemie,Berlin-Dahlem,Germany,Mar,92,36
Leopold,Ruzicka,HR,CH,male,1939,chemistry,2,Eidgenössische Technische Hochschule (Swiss Federal Institute of Technology),Zurich,Switzerland,Sep,89,52
George,de Hevesy,HU,DE,male,1943,chemistry,1,Stockholm University,Stockholm,Sweden,Aug,81,58
Otto,Hahn,DE,DE,male,1944,chemistry,1,Kaiser-Wilhelm-Institut (now Max-Planck Institut) für Chemie,Berlin-Dahlem,Germany,Mar,89,65
Artturi,Virtanen,FI,FI,male,1945,chemistry,1,University of Helsinki,Helsinki,Finland,Jan,78,50
James B.,Sumner,US,US,male,1946,chemistry,2,Cornell University,Ithaca NY,USA,Nov,68,59
John H.,Northrop,US,US,male,1946,chemistry,4,Rockefeller Institute for Medical Research,Princeton NJ,USA,Jul,96,55
Wendell M.,Stanley,US,ES,male,1946,chemistry,4,Rockefeller Institute for Medical Research,Princeton NJ,USA,Aug,67,42
Sir Robert,Robinson,GB,GB,male,1947,chemistry,1,University of Oxford,Oxford,United Kingdom,Sep,89,61
Arne,Tiselius,SE,SE,male,1948,chemistry,1,Uppsala University,Uppsala,Sweden,Aug,69,46
William F.,Giauque,CA,US,male,1949,chemistry,1,University of California,Berkeley CA,USA,May,87,54
Otto,Diels,DE,DE,male,1950,chemistry,2,Kiel University,Kiel,Germany,Jan,78,74
Kurt,Alder,PL,DE,male,1950,chemistry,2,Cologne University,Cologne,Germany,Jul,56,48
Edwin M.,McMillan,US,US,male,1951,chemistry,2,University of California,Berkeley CA,USA,Sep,84,44
Glenn T.,Seaborg,US,US,male,1951,chemistry,2,University of California,Berkeley CA,USA,Apr,87,39
Archer J.P.,Martin,GB,GB,male,1952,chemistry,2,National Institute for Medical Research,London,United Kingdom,Mar,92,42
Richard L.M.,Synge,GB,GB,male,1952,chemistry,2,Rowett Research Institute,Bucksburn (Scotland),United Kingdom,Oct,80,38
Hermann,Staudinger,DE,DE,male,1953,chemistry,1,University of Freiburg,Breisgau,Germany,Mar,84,72
Linus,Pauling,US,US,male,1962,peace,1,California Institute of Technology (Caltech),Pasadena CA,USA,Feb,93,61
Linus,Pauling,US,US,male,1954,chemistry,1,California Institute of Technology (Caltech),Pasadena CA,USA,Feb,93,53
Vincent,du Vigneaud,US,US,male,1955,chemistry,1,Cornell University,Ithaca NY,USA,May,77,54
Sir Cyril,Hinshelwood,GB,GB,male,1956,chemistry,2,University of Oxford,Oxford,United Kingdom,May,70,59
Nikolay,Semenov,RU,RU,male,1956,chemistry,2,Institute for Chemical Physics of the Academy of Sciences of the USSR,Moscow,USSR (now Russia),Apr,90,60
Lord,Todd,GB,GB,male,1957,chemistry,1,University of Cambridge,Cambridge,United Kingdom,Oct,90,50
Frederick,Sanger,GB,GB,male,1958,chemistry,1,University of Cambridge,Cambridge,United Kingdom,Aug,95,40
Frederick,Sanger,GB,GB,male,1980,chemistry,4,MRC Laboratory of Molecular Biology,Cambridge,United Kingdom,Aug,95,62
Jaroslav,Heyrovsky,CZ,CZ,male,1959,chemistry,1,Polarographic Institute of the Czechoslovak Academy of Science,Prague,Czechoslovakia (now Czech Republic),Dec,77,69
Willard F.,Libby,US,US,male,1960,chemistry,1,University of California,Los Angeles CA,USA,Dec,72,52
Melvin,Calvin,US,US,male,1961,chemistry,1,University of California,Berkeley CA,USA,Apr,86,50
Max F.,Perutz,AT,GB,male,1962,chemistry,2,MRC Laboratory of Molecular Biology,Cambridge,United Kingdom,May,88,48
John C.,Kendrew,GB,GB,male,1962,chemistry,2,MRC Laboratory of Molecular Biology,Cambridge,United Kingdom,Mar,80,45
Karl,Ziegler,DE,DE,male,1963,chemistry,2,Max-Planck-Institut für Kohlenforschung (Max-Planck-Institute for Carbon Research),Mülheim/Ruhr,Germany,Nov,75,65
Giulio,Natta,IT,IT,male,1963,chemistry,2,Institute of Technology,Milan,Italy,Feb,76,60
Dorothy Crowfoot,Hodgkin,EG,GB,female,1964,chemistry,1,University of Oxford Royal Society,Oxford,United Kingdom,May,84,54
Robert B.,Woodward,US,US,male,1965,chemistry,1,Harvard University,Cambridge MA,USA,Apr,62,48
Robert S.,Mulliken,US,US,male,1966,chemistry,1,University of Chicago,Chicago IL,USA,Jun,90,70
Manfred,Eigen,DE,DE,male,1967,chemistry,2,Max-Planck-Institut für Physikalische Chemie,Göttingen,Germany,May,92,40
Ronald G.W.,Norrish,GB,GB,male,1967,chemistry,4,Institute of Physical Chemistry,Cambridge,United Kingdom,Nov,81,70
George,Porter,GB,GB,male,1967,chemistry,4,Royal Institution of Great Britain,London,United Kingdom,Dec,82,47
Lars,Onsager,NO,US,male,1968,chemistry,1,Yale University,New Haven CT,USA,Nov,73,65
Derek,Barton,GB,US,male,1969,chemistry,2,Imperial College,London,United Kingdom,Sep,80,51
Odd,Hassel,NO,NO,male,1969,chemistry,2,University of Oslo,Oslo,Norway,May,84,72
Luis,Leloir,FR,AR,male,1970,chemistry,1,Institute for Biochemical Research,Buenos Aires,Argentina,Sep,81,64
Gerhard,Herzberg,DE,CA,male,1971,chemistry,1,National Research Council of Canada,Ottawa,Canada,Dec,95,67
Christian,Anfinsen,US,US,male,1972,chemistry,2,National Institutes of Health,Bethesda MD,USA,Mar,79,56
Stanford,Moore,US,US,male,1972,chemistry,4,Rockefeller University,New York NY,USA,Sep,69,59
William H.,Stein,US,US,male,1972,chemistry,4,Rockefeller University,New York NY,USA,Jun,69,61
Ernst Otto,Fischer,DE,DE,male,1973,chemistry,2,Technical University,Munich,Germany,Nov,89,55
Geoffrey,Wilkinson,GB,GB,male,1973,chemistry,2,Imperial College,London,United Kingdom,Jul,75,52
Paul J.,Flory,US,US,male,1974,chemistry,1,Stanford University,Stanford CA,USA,Jun,75,64
Vladimir,Prelog,BA,CH,male,1975,chemistry,2,Eidgenössische Technische Hochschule (Swiss Federal Institute of Technology),Zurich,Switzerland,Jul,92,69
William,Lipscomb,US,US,male,1976,chemistry,1,Harvard University,Cambridge MA,USA,Dec,92,57
Ilya,Prigogine,RU,BE,male,1977,chemistry,1,Université Libre de Bruxelles,Brussels,Belgium,Jan,86,60
Peter,Mitchell,GB,GB,male,1978,chemistry,1,Glynn Research Laboratories,Bodmin,United Kingdom,Sep,72,58
Herbert C.,Brown,GB,US,male,1979,chemistry,2,Purdue University,West Lafayette IN,USA,May,92,67
Georg,Wittig,DE,DE,male,1979,chemistry,2,University of Heidelberg,Heidelberg,Germany,Jun,90,82
Kenichi,Fukui,JP,JP,male,1981,chemistry,2,Kyoto University,Kyoto,Japan,Oct,80,63
Henry,Taube,CA,US,male,1983,chemistry,1,Stanford University,Stanford CA,USA,Nov,90,68
Bruce,Merrifield,US,US,male,1984,chemistry,1,Rockefeller University,New York NY,USA,Jul,85,63
Herbert A.,Hauptman,US,US,male,1985,chemistry,2,The Medical Foundation of Buffalo,Buffalo NY,USA,Feb,94,68
Donald J.,Cram,US,US,male,1987,chemistry,3,University of California,Los Angeles CA,USA,Apr,82,68
Charles J.,Pedersen,KR,US,male,1987,chemistry,3,Du Pont,Wilmington DE,USA,Oct,85,83
Michael,Smith,GB,CA,male,1993,chemistry,2,University of British Columbia,Vancouver,Canada,Apr,68,61
George A.,Olah,HU,US,male,1994,chemistry,1,University of Southern California,Los Angeles CA,USA,May,90,67
F. Sherwood,Rowland,US,US,male,1995,chemistry,3,University of California,Irvine CA,USA,Jun,85,68
Sir Harold,Kroto,GB,GB,male,1996,chemistry,3,University of Sussex,Brighton,United Kingdom,Oct,77,57
Richard E.,Smalley,US,US,male,1996,chemistry,3,Rice University,Houston TX,USA,Jun,62,53
Paul D.,Boyer,US,US,male,1997,chemistry,4,University of California,Los Angeles CA,USA,Jul,100,79
Jens C.,Skou,DK,DK,male,1997,chemistry,2,Aarhus University,Aarhus,Denmark,Oct,100,79
Walter,Kohn,AT,US,male,1998,chemistry,2,University of California,Santa Barbara CA,USA,Mar,93,75
John,Pople,GB,US,male,1998,chemistry,2,Northwestern University,Evanston IL,USA,Oct,79,73
Ahmed,Zewail,EG,US,male,1999,chemistry,1,California Institute of Technology (Caltech),Pasadena CA,USA,Feb,70,53
Emil,von Behring,PL,DE,male,1901,medicine,1,Marburg University,Marburg,Germany,Mar,63,47
Ronald,Ross,IN,GB,male,1902,medicine,1,University College,Liverpool,United Kingdom,May,75,45
Niels Ryberg,Finsen,DK,DK,male,1903,medicine,1,Finsen Medical Light Institute,Copenhagen,Denmark,Dec,44,43
Ivan,Pavlov,RU,RU,male,1904,medicine,1,Military Medical Academy,St. Petersburg,Russia,Sep,87,55
Robert,Koch,DE,DE,male,1905,medicine,1,Institute for Infectious Diseases,Berlin,Germany,Dec,67,62
Camillo,Golgi,IT,IT,male,1906,medicine,2,Pavia University,Pavia,Italy,Jul,83,63
Santiago,Ramón y Cajal,ES,ES,male,1906,medicine,2,Madrid University,Madrid,Spain,May,82,54
Alphonse,Laveran,FR,FR,male,1907,medicine,1,Institut Pasteur,Paris,France,Jun,77,62
Ilya,Mechnikov,UA,FR,male,1908,medicine,2,Institut Pasteur,Paris,France,May,71,63
Paul,Ehrlich,PL,DE,male,1908,medicine,2,Goettingen University,Göttingen,Germany,Mar,61,54
Theodor,Kocher,CH,CH,male,1909,medicine,1,Berne University,Bern,Switzerland,Aug,76,68
Albrecht,Kossel,DE,DE,male,1910,medicine,1,University of Heidelberg,Heidelberg,Germany,Sep,74,57
Allvar,Gullstrand,SE,SE,male,1911,medicine,1,Uppsala University,Uppsala,Sweden,Jun,68,49
Alexis,Carrel,FR,FR,male,1912,medicine,1,Rockefeller Institute for Medical Research,New York NY,USA,Jun,71,39
Charles,Richet,FR,FR,male,1913,medicine,1,Sorbonne University,Paris,France,Aug,85,63
Robert,Bárány,AT,SE,male,1914,medicine,1,Vienna University,Vienna,Austria,Apr,60,38
Jules,Bordet,BE,BE,male,1919,medicine,1,Brussels University,Brussels,Belgium,Jun,91,49
August,Krogh,DK,DK,male,1920,medicine,1,Copenhagen University,Copenhagen,Denmark,Nov,75,46
Archibald V.,Hill,GB,GB,male,1922,medicine,2,London University,London,United Kingdom,Sep,91,36
Otto,Meyerhof,DE,US,male,1922,medicine,2,Kiel University,Kiel,Germany,Apr,67,38
Frederick G.,Banting,CA,CA,male,1923,medicine,2,University of Toronto,Toronto,Canada,Nov,50,32
John,Macleod,GB,GB,male,1923,medicine,2,University of Toronto,Toronto,Canada,Sep,59,47
Willem,Einthoven,ID,NL,male,1924,medicine,1,Leiden University,Leiden,the Netherlands,May,67,64
Johannes,Fibiger,DK,DK,male,1926,medicine,1,Copenhagen University,Copenhagen,Denmark,Apr,61,59
Julius,Wagner-Jauregg,AT,AT,male,1927,medicine,1,Vienna University,Vienna,Austria,Mar,83,70
Charles,Nicolle,FR,TN,male,1928,medicine,1,Institut Pasteur,Tunis,Tunisia,Sep,70,62
Christiaan,Eijkman,NL,NL,male,1929,medicine,2,Utrecht University,Utrecht,the Netherlands,Aug,72,71
Sir Frederick,Hopkins,GB,GB,male,1929,medicine,2,University of Cambridge,Cambridge,United Kingdom,Jun,86,68
Karl,Landsteiner,AT,US,male,1930,medicine,1,Rockefeller Institute for Medical Research,New York NY,USA,Jun,75,62
Otto,Warburg,DE,DE,male,1931,medicine,1,Kaiser-Wilhelm-Institut (now Max-Planck-Institut) für Biologie,Berlin-Dahlem,Germany,Oct,87,48
Sir Charles,Sherrington,GB,GB,male,1932,medicine,2,University of Oxford,Oxford,United Kingdom,Nov,95,75
Edgar,Adrian,GB,GB,male,1932,medicine,2,University of Cambridge,Cambridge,United Kingdom,Nov,88,43
Thomas H.,Morgan,US,US,male,1933,medicine,1,California Institute of Technology (Caltech),Pasadena CA,USA,Sep,79,67
George H.,Whipple,US,US,male,1934,medicine,3,University of Rochester,Rochester NY,USA,Aug,98,56
George R.,Minot,US,US,male,1934,medicine,3,Harvard University,Cambridge MA,USA,Dec,65,49
William P.,Murphy,US,US,male,1934,medicine,3,Harvard University,Cambridge MA,USA,Feb,95,42
Hans,Spemann,DE,DE,male,1935,medicine,1,University of Freiburg im Breisgau,Breisgau,Germany,Jun,72,66
Sir Henry,Dale,GB,GB,male,1936,medicine,2,National Institute for Medical Research,London,United Kingdom,Jun,93,61
Otto,Loewi,DE,US,male,1936,medicine,2,Graz University,Graz,Austria,Jun,88,63
Albert,Szent-Györgyi,HU,US,male,1937,medicine,1,Szeged University,Szeged,Hungary,Sep,93,44
Corneille,Heymans,BE,BE,male,1938,medicine,1,Ghent University,Ghent,Belgium,Mar,76,46
Gerhard,Domagk,PL,DE,male,1939,medicine,1,Munster University,Munster,Germany,Oct,69,44
Henrik,Dam,DK,DK,male,1943,medicine,2,Polytechnic Institute,Copenhagen,Denmark,Feb,81,48
Edward A.,Doisy,US,US,male,1943,medicine,2,Saint Louis University,St. Louis MO,USA,Nov,93,50
Joseph,Erlanger,US,US,male,1944,medicine,2,Washington University,St. Louis MO,USA,Jan,91,70
Herbert S.,Gasser,US,US,male,1944,medicine,2,Rockefeller Institute for Medical Research,New York NY,USA,Jul,75,56
Sir Alexander,Fleming,GB,GB,male,1945,medicine,3,London University,London,United Kingdom,Aug,74,64
Ernst B.,Chain,DE,IE,male,1945,medicine,3,University of Oxford,Oxford,United Kingdom,Jun,73,39
Sir Howard,Florey,AU,GB,male,1945,medicine,3,University of Oxford,Oxford,United Kingdom,Sep,70,47
Hermann J.,Muller,US,US,male,1946,medicine,1,Indiana University,Bloomington IN,USA,Dec,77,56
Carl,Cori,CZ,US,male,1947,medicine,4,Washington University,St. Louis MO,USA,Dec,88,51
Gerty,Cori,CZ,US,female,1947,medicine,4,Washington University,St. Louis MO,USA,Aug,61,51
Bernardo,Houssay,AR,AR,male,1947,medicine,2,Instituto de Biologia y Medicina Experimental (Institute for Biology and Experimental Medicine),Buenos Aires,Argentina,Apr,84,60
Paul,Müller,CH,CH,male,1948,medicine,1,Laboratorium der Farben-Fabriken J.R. Geigy A.G. (Laboratory of the J.R. Geigy Dye-Factory Co.),Basel,Switzerland,Jan,66,49
Walter,Hess,CH,CH,male,1949,medicine,2,University of Zurich,Zurich,Switzerland,Mar,92,68
Egas,Moniz,PT,PT,male,1949,medicine,2,University of Lisbon,Lisbon,Portugal,Nov,81,75
Edward C.,Kendall,US,US,male,1950,medicine,3,Mayo Clinic,Rochester MN,USA,Mar,86,64
Tadeus,Reichstein,PL,CH,male,1950,medicine,3,Basel University,Basel,Switzerland,Jul,99,53
Philip S.,Hench,US,JM,male,1950,medicine,3,Mayo Clinic,Rochester MN,USA,Feb,69,54
Max,Theiler,ZA,US,male,1951,medicine,1,Laboratories of the Division of Medicine and Public Health Rockefeller Foundation,New York NY,USA,Jan,73,52
Selman A.,Waksman,UA,US,male,1952,medicine,1,Rutgers University,New Brunswick NJ,USA,Jul,85,64
Hans,Krebs,DE,GB,male,1953,medicine,2,Sheffield University,Sheffield,United Kingdom,Aug,81,53
Fritz,Lipmann,RU,US,male,1953,medicine,2,Harvard Medical School,Boston MA,USA,Jun,87,54
John F.,Enders,US,US,male,1954,medicine,3,Harvard Medical School,Boston MA,USA,Feb,88,57
Thomas H.,Weller,US,US,male,1954,medicine,3,Research Division of Infectious Diseases Children's Medical Center,Boston MA,USA,Jun,93,39
Frederick C.,Robbins,US,US,male,1954,medicine,3,Western Reserve University,Cleveland OH,USA,Aug,87,38
Hugo,Theorell,SE,SE,male,1955,medicine,1,Karolinska Institutet Nobel Medical Institute,Stockholm,Sweden,Jul,79,52
André F.,Cournand,FR,US,male,1956,medicine,3,Columbia University Division Cardio-Pulmonary Laboratory Bellevue Hospital,New York NY,USA,Sep,93,61
Werner,Forssmann,DE,DE,male,1956,medicine,3,Mainz University,Mainz,Germany,Aug,75,52
Dickinson W.,Richards,US,US,male,1956,medicine,3,Columbia University,New York NY,USA,Oct,78,61
Daniel,Bovet,CH,IT,male,1957,medicine,1,Istituto Superiore di Sanità (Chief Institute of Public Health),Rome,Italy,Mar,85,50
George,Beadle,US,US,male,1958,medicine,4,California Institute of Technology (Caltech),Pasadena CA,USA,Oct,86,55
Edward,Tatum,US,US,male,1958,medicine,4,Rockefeller Institute for Medical Research,New York NY,USA,Dec,66,49
Joshua,Lederberg,US,US,male,1958,medicine,2,University of Wisconsin,Madison WI,USA,May,83,33
Severo,Ochoa,ES,ES,male,1959,medicine,2,New York University College of Medicine,New York NY,USA,Sep,88,54
Arthur,Kornberg,US,US,male,1959,medicine,2,Stanford University,Stanford CA,USA,Mar,89,41
Sir Frank Macfarlane,Burnet,AU,AU,male,1960,medicine,2,Walter and Eliza Hall Institute for Medical Research,Melbourne,Australia,Sep,86,61
Peter,Medawar,BR,GB,male,1960,medicine,2,University College,London,United Kingdom,Feb,72,45
Georg,von Békésy,HU,US,male,1961,medicine,1,Harvard University,Cambridge MA,USA,Jun,73,62
Francis,Crick,GB,US,male,1962,medicine,3,MRC Laboratory of Molecular Biology,Cambridge,United Kingdom,Jun,88,46
Maurice,Wilkins,NZ,GB,male,1962,medicine,3,London University,London,United Kingdom,Dec,88,46
Sir John,Eccles,AU,CH,male,1963,medicine,3,Australian National University,Canberra,Australia,Jan,94,60
Alan,Hodgkin,GB,GB,male,1963,medicine,3,University of Cambridge,Cambridge,United Kingdom,Feb,84,49
Andrew,Huxley,GB,GB,male,1963,medicine,3,University College,London,United Kingdom,Nov,95,46
Konrad,Bloch,PL,US,male,1964,medicine,2,Harvard University,Cambridge MA,USA,Jan,88,52
Feodor,Lynen,DE,DE,male,1964,medicine,2,Max-Planck-Institut für Zellchemie,Munich,Germany,Apr,68,53
François,Jacob,FR,FR,male,1965,medicine,3,Institut Pasteur,Paris,France,Jun,93,45
André,Lwoff,FR,FR,male,1965,medicine,3,Institut Pasteur,Paris,France,May,92,63
Jacques,Monod,FR,FR,male,1965,medicine,3,Institut Pasteur,Paris,France,Feb,66,55
Peyton,Rous,US,US,male,1966,medicine,2,Rockefeller University,New York NY,USA,Oct,91,87
Charles B.,Huggins,CA,US,male,1966,medicine,2,University of Chicago Ben May Laboratory for Cancer Research,Chicago IL,USA,Sep,96,65
Ragnar,Granit,FI,SE,male,1967,medicine,3,Karolinska Institutet,Stockholm,Sweden,Oct,91,67
Keffer,Hartline,US,US,male,1967,medicine,3,Rockefeller University,New York NY,USA,Dec,80,64
George,Wald,US,US,male,1967,medicine,3,Harvard University,Cambridge MA,USA,Nov,91,61
Robert W.,Holley,US,US,male,1968,medicine,3,Cornell University,Ithaca NY,USA,Jan,71,46
H. Gobind,Khorana,IN,US,male,1968,medicine,3,University of Wisconsin,Madison WI,USA,Jan,89,46
Marshall W.,Nirenberg,US,US,male,1968,medicine,3,National Institutes of Health,Bethesda MD,USA,Apr,83,41
Max,Delbrück,DE,US,male,1969,medicine,3,California Institute of Technology (Caltech),Pasadena CA,USA,Sep,75,63
Alfred D.,Hershey,US,US,male,1969,medicine,3,Carnegie Institution of Washington,Long Island New York NY,USA,Dec,89,61
Salvador E.,Luria,IT,US,male,1969,medicine,3,Massachusetts Institute of Technology (MIT),Cambridge MA,USA,Aug,79,57
Sir Bernard,Katz,DE,GB,male,1970,medicine,3,University College,London,United Kingdom,Mar,92,59
Ulf,von Euler,SE,SE,male,1970,medicine,3,Karolinska Institutet,Stockholm,Sweden,Feb,78,65
Julius,Axelrod,US,US,male,1970,medicine,3,National Institutes of Health,Bethesda MD,USA,May,92,58
Earl W.,Sutherland Jr.,US,US,male,1971,medicine,1,Vanderbilt University,Nashville TN,USA,Nov,59,56
Gerald M.,Edelman,US,US,male,1972,medicine,2,Rockefeller University,New York NY,USA,Jul,85,43
Rodney R.,Porter,GB,GB,male,1972,medicine,2,University of Oxford,Oxford,United Kingdom,Oct,68,55
Karl,von Frisch,AT,DE,male,1973,medicine,3,Zoologisches Institut der Universität München,Munich,Germany,Nov,96,87
Konrad,Lorenz,AT,AT,male,1973,medicine,3,Konrad-Lorenz-Institut der Österreichischen Akademie der Wissen­schaften Forschungsstelle für Ethologie,Altenberg; Grünau im Almtal,Austria,Nov,86,70
Nikolaas,Tinbergen,NL,GB,male,1973,medicine,3,University of Oxford,Oxford,United Kingdom,Apr,81,66
Albert,Claude,BE,BE,male,1974,medicine,3,Université Catholique de Louvain,Louvain,Belgium,Aug,85,76
Christian,de Duve,GB,BE,male,1974,medicine,3,Rockefeller University,New York NY,USA,Oct,96,57
George E.,Palade,RO,US,male,1974,medicine,3,Yale University School of Medicine,New Haven CT,USA,Nov,96,62
Renato,Dulbecco,IT,US,male,1975,medicine,3,Imperial Cancer Research Fund Laboratory,London,United Kingdom,Feb,98,61
Howard M.,Temin,US,US,male,1975,medicine,3,University of Wisconsin,Madison WI,USA,Dec,60,41
Baruch S.,Blumberg,US,US,male,1976,medicine,2,The Institute for Cancer Research,Philadelphia PA,USA,Jul,86,51
D. Carleton,Gajdusek,US,NO,male,1976,medicine,2,National Institutes of Health,Bethesda MD,USA,Sep,85,53
Rosalyn,Yalow,US,US,female,1977,medicine,2,Veterans Administration Hospital,Bronx NY,USA,Jul,90,56
Daniel,Nathans,US,US,male,1978,medicine,3,Johns Hopkins University School of Medicine,Baltimore MD,USA,Oct,71,50
Allan M.,Cormack,ZA,US,male,1979,medicine,2,Tufts University,Medford MA,USA,Feb,74,55
Godfrey N.,Hounsfield,GB,GB,male,1979,medicine,2,Central Research Laboratories EMI,London,United Kingdom,Aug,85,60
Baruj,Benacerraf,VE,US,male,1980,medicine,3,Harvard Medical School,Boston MA,USA,Oct,91,60
Jean,Dausset,FR,ES,male,1980,medicine,3,Université de Paris Laboratoire Immuno-Hématologie,Paris,France,Oct,93,64
George D.,Snell,US,US,male,1980,medicine,3,Jackson Laboratory,Bar Harbor ME,USA,Dec,93,77
Roger W.,Sperry,US,US,male,1981,medicine,2,California Institute of Technology (Caltech),Pasadena CA,USA,Aug,81,68
David H.,Hubel,CA,US,male,1981,medicine,4,Harvard Medical School,Boston MA,USA,Feb,87,55
Sune K.,Bergström,SE,SE,male,1982,medicine,3,Karolinska Institutet,Stockholm,Sweden,Jan,88,66
John R.,Vane,GB,GB,male,1982,medicine,3,The Wellcome Research Laboratories,Beckenham,United Kingdom,Mar,77,55
Barbara,McClintock,US,US,female,1983,medicine,1,Cold Spring Harbor Laboratory,Cold Spring Harbor NY,USA,Jun,90,81
Niels K.,Jerne,GB,FR,male,1984,medicine,3,Basel Institute for Immunology,Basel,Switzerland,Dec,83,73
Georges J.F.,Köhler,DE,DE,male,1984,medicine,3,Basel Institute for Immunology,Basel,Switzerland,Apr,49,38
César,Milstein,AR,GB,male,1984,medicine,3,MRC Laboratory of Molecular Biology,Cambridge,United Kingdom,Oct,75,57
Stanley,Cohen,US,US,male,1986,medicine,2,Vanderbilt University School of Medicine,Nashville TN,USA,Nov,98,64
Rita,Levi-Montalcini,IT,IT,female,1986,medicine,2,Institute of Cell Biology of the C.N.R.,Rome,Italy,Apr,103,77
Gertrude B.,Elion,US,US,female,1988,medicine,3,Wellcome Research Laboratories,Research Triangle Park NC,USA,Jan,81,70
George H.,Hitchings,US,US,male,1988,medicine,3,Wellcome Research Laboratories,Research Triangle Park NC,USA,Apr,93,83
Joseph E.,Murray,US,US,male,1990,medicine,2,Brigham and Women's Hospital,Boston MA,USA,Apr,93,71
E. Donnall,Thomas,US,US,male,1990,medicine,2,Fred Hutchinson Cancer Research Center,Seattle WA,USA,Mar,92,70
Edwin G.,Krebs,US,US,male,1992,medicine,2,University of Washington,Seattle WA,USA,Jun,91,74
Alfred G.,Gilman,US,US,male,1994,medicine,2,University of Texas Southwestern Medical Center at Dallas,Dallas TX,USA,Jul,74,53
Martin,Rodbell,US,US,male,1994,medicine,2,National Institute of Environmental Health Sciences,Research Triangle Park NC,USA,Dec,73,69
Edward B.,Lewis,US,US,male,1995,medicine,3,California Institute of Technology (Caltech),Pasadena CA,USA,May,86,77
Robert F.,Furchgott,US,US,male,1998,medicine,3,SUNY Health Science Center,Brooklyn NY,USA,Jun,93,82
Günter,Blobel,PL,US,male,1999,medicine,1,Rockefeller University,New York NY,USA,May,82,63
Louis,Renault,FR,FR,male,1907,peace,2,Sorbonne University,Paris,France,May,75,64
Nicholas Murray,Butler,US,US,male,1931,peace,2,Columbia University,New York NY,USA,Apr,85,69
Ralph,Bunche,US,US,male,1950,peace,1,Harvard University,Cambridge MA,USA,Aug,67,46
Ragnar,Frisch,NO,NO,male,1969,economics,2,University of Oslo,Oslo,Norway,Mar,78,74
Jan,Tinbergen,NL,NL,male,1969,economics,2,The Netherlands School of Economics,Rotterdam,the Netherlands,Apr,91,66
Paul A.,Samuelson,US,US,male,1970,economics,1,Massachusetts Institute of Technology (MIT),Cambridge MA,USA,May,94,55
Simon,Kuznets,BY,US,male,1971,economics,1,Harvard University,Cambridge MA,USA,Apr,84,70
John R.,Hicks,GB,GB,male,1972,economics,2,All Souls College,Oxford,United Kingdom,Apr,85,68
Kenneth J.,Arrow,US,US,male,1972,economics,2,Harvard University,Cambridge MA,USA,Aug,96,51
Wassily,Leontief,RU,US,male,1973,economics,1,Harvard University,Cambridge MA,USA,Aug,93,67
Leonid Vitaliyevich,Kantorovich,RU,RU,male,1975,economics,2,Academy of Sciences,Moscow,USSR (now Russia),Jan,74,63
Tjalling C.,Koopmans,NL,US,male,1975,economics,2,Yale University,New Haven CT,USA,Aug,75,65
Milton,Friedman,US,US,male,1976,economics,1,University of Chicago,Chicago IL,USA,Jul,94,64
Bertil,Ohlin,SE,SE,male,1977,economics,2,Stockholm School of Economics,Stockholm,Sweden,Apr,80,78
James E.,Meade,GB,GB,male,1977,economics,2,University of Cambridge,Cambridge,United Kingdom,Jun,88,70
Herbert,Simon,US,US,male,1978,economics,1,Carnegie Mellon University,Pittsburgh PA,USA,Jun,85,62
Theodore W.,Schultz,US,US,male,1979,economics,2,University of Chicago,Chicago IL,USA,Apr,96,77
Sir Arthur,Lewis,LC,BB,male,1979,economics,2,Princeton University,Princeton NJ,USA,Jan,76,64
Lawrence R.,Klein,US,US,male,1980,economics,1,University of Pennsylvania,Philadelphia PA,USA,Sep,93,60
James,Tobin,US,US,male,1981,economics,1,Yale University,New Haven CT,USA,Mar,84,63
George J.,Stigler,US,US,male,1982,economics,1,University of Chicago,Chicago IL,USA,Jan,80,71
Gerard,Debreu,FR,FR,male,1983,economics,1,University of California,Berkeley CA,USA,Jul,83,62
Richard,Stone,GB,GB,male,1984,economics,1,University of Cambridge,Cambridge,United Kingdom,Aug,78,71
Franco,Modigliani,IT,US,male,1985,economics,1,Massachusetts Institute of Technology (MIT),Cambridge MA,USA,Jun,85,67
James M.,Buchanan Jr.,US,US,male,1986,economics,1,Center for Study of Public Choice,Fairfax VA,USA,Oct,94,67
Maurice,Allais,FR,FR,male,1988,economics,1,École Nationale Supérieur des Mines de Paris,Paris,France,May,99,77
Trygve,Haavelmo,NO,NO,male,1989,economics,1,University of Oslo,Oslo,Norway,Dec,88,78
Merton H.,Miller,US,US,male,1990,economics,3,University of Chicago,Chicago IL,USA,May,77,67
Ronald H.,Coase,GB,US,male,1991,economics,1,University of Chicago,Chicago IL,USA,Dec,103,81
Gary,Becker,US,US,male,1992,economics,1,University of Chicago,Chicago IL,USA,Dec,84,62
Robert W.,Fogel,US,US,male,1993,economics,2,University of Chicago,Chicago IL,USA,Jul,86,66
Douglass C.,North,US,US,male,1993,economics,2,Washington University,St. Louis MO,USA,Nov,95,73
John C.,Harsanyi,HU,US,male,1994,economics,3,University of California,Berkeley CA,USA,May,80,74
John F.,Nash Jr.,US,US,male,1994,economics,3,Princeton University,Princeton NJ,USA,Jun,87,66
Reinhard,Selten,PL,PL,male,1994,economics,3,Rheinische Friedrich-Wilhelms-Universität,Bonn,Germany,Oct,86,64
James A.,Mirrlees,GB,GB,male,1996,economics,2,University of Cambridge,Cambridge,United Kingdom,Jul,82,60
William,Vickrey,CA,US,male,1996,economics,2,Columbia University,New York NY,USA,Jun,82,82
Il´ja M.,Frank,RU,RU,male,1958,physics,3,Lomonosov Moscow State University,Moscow,USSR (now Russia),Oct,82,50
Arvid,Carlsson,SE,SE,male,2000,medicine,3,Göteborg University,Gothenburg,Sweden,Jan,95,77
Paul,Greengard,US,US,male,2000,medicine,3,Rockefeller University,New York NY,USA,Dec,94,75
Zhores,Alferov,BY,RU,male,2000,physics,4,A.F. Ioffe Physico-Technical Institute,St. Petersburg,Russia,Mar,89,70
Jack,Kilby,US,US,male,2000,physics,2,Texas Instruments,Dallas TX,USA,Nov,82,77
Alan,MacDiarmid,NZ,US,male,2000,chemistry,3,University of Pennsylvania,Philadelphia PA,USA,Apr,80,73
Sydney,Brenner,ZA,SG,male,2002,medicine,3,The Molecular Sciences Institute,Berkeley CA,USA,Jan,92,75
Raymond,Davis Jr.,US,US,male,2002,physics,4,University of Pennsylvania,Philadelphia PA,USA,Oct,92,88
Riccardo,Giacconi,IT,US,male,2002,physics,2,Associated Universities Inc.,Washington DC,USA,Oct,87,71
John B.,Fenn,US,US,male,2002,chemistry,4,Virginia Commonwealth University,Richmond VA,USA,Jun,93,85
Paul C.,Lauterbur,US,US,male,2003,medicine,2,University of Illinois,Urbana IL,USA,May,78,74
Clive W.J.,Granger,GB,US,male,2003,economics,2,University of California,San Diego CA,USA,Sep,75,69
Irwin,Rose,US,US,male,2004,chemistry,3,University of California,Irvine CA,USA,Jul,89,78
Roy J.,Glauber,US,US,male,2005,physics,2,Harvard University,Cambridge MA,USA,Sep,93,80
Yves,Chauvin,BE,FR,male,2005,chemistry,3,Institut Français du Pétrole,Rueil-Malmaison,France,Oct,85,75
Thomas C.,Schelling,US,US,male,2005,economics,2,University of Maryland Department of Economics and School of Public Policy,College Park MD,USA,Apr,95,84
Oliver,Smithies,GB,US,male,2007,medicine,3,University of North Carolina,Chapel Hill NC,USA,Jun,92,82
Peter,Grünberg,CZ,DE,male,2007,physics,2,Forschungszentrum J&uuml;lich,Jülich,Germany,May,79,68
Leonid,Hurwicz,RU,US,male,2007,economics,3,University of Minnesota,Minneapolis MN,USA,Aug,91,90
Yoichiro,Nambu,JP,JP,male,2008,physics,2,Enrico Fermi Institute University of Chicago,Chicago IL,USA,Jan,94,87
Osamu,Shimomura,JP,JP,male,2008,chemistry,3,Marine Biological Laboratory (MBL),Woods Hole MA,USA,Aug,90,80
Roger Y.,Tsien,US,US,male,2008,chemistry,3,University of California,San Diego CA,USA,Feb,64,56
Willard S.,Boyle,CA,CA,male,2009,physics,4,Bell Laboratories,Murray Hill NJ,USA,Aug,87,85
Thomas A.,Steitz,US,US,male,2009,chemistry,3,Yale University,New Haven CT,USA,Aug,78,69
Elinor,Ostrom,US,US,female,2009,economics,2,Indiana University,Bloomington IN,USA,Aug,79,76
Robert G.,Edwards,GB,GB,male,2010,medicine,1,University of Cambridge,Cambridge,United Kingdom,Sep,88,85
Dale T.,Mortensen,US,US,male,2010,economics,3,Northwestern University,Evanston IL,USA,Feb,75,71
Lloyd S.,Shapley,US,US,male,2012,economics,2,University of California,Los Angeles CA,USA,Jun,93,89
David J.,Thouless,GB,GB,male,2016,physics,2,University of Washington,Seattle WA,USA,Sep,85,82
